Company,Website,Location,Vertical,Est. Size,Fit Score (1-5),Buying Signal,Has Chatbot?,Contact Name,Contact Title,Email / Pattern,Phone,Why Now (cold-open line)
Petrichor Day Spa,petrichordayspa.com.au,"Brisbane, QLD",Beauty & wellness,5-10 staff,5,"Squarespace site, bookings via contact form only, no chat widget",No,,Owner,info@petrichordayspa.com.au,,Your booking page asks people to wait for a reply — an AI chat could lock in spa bookings the moment someone lands at midnight.
OLA Aesthetics,olaaestheticsperth.com.au,"West Perth, WA",Beauty & wellness,8-15 staff,5,"High-ticket cosmetic clinic, 'Request your appointment' form only, no chat widget",No,Dr Aleksandra Kaddour,Founder / Principal Doctor,info@olaaestheticsperth.com.au,,Every missed Morpheus8 enquiry is a $2k+ booking lost — an AI chat answers FAQs and locks in consults 24/7.
VELOUR Skin & Beauty Parlour,velourbeautyparlour.com.au,"Dulwich Hill, NSW",Beauty & wellness,3-6 staff,5,"Inner-west boutique skin clinic, contact form + Phorest bookings, no live chat",No,,Owner,hello@velourbeautyparlour.com.au,,"Skin enquiries are personal — an AI chat that talks acne, peels and pricing books more facials than a static contact form ever will."
Retreat Massage & Wellness,retreatwellness.com.au,"Southport, QLD",Beauty & wellness,5-12 staff,5,"'Get call back' form + phone-first, Fresha bookings, no on-site chat",No,,Owner,info@retreatwellness.com.au,07 5527 1147,You already offer a call-back form — an AI chat does the same job 24/7 and converts the 70% who won't wait for a callback.
Kanvasd Clinic,kanvasd.com.au,"Brisbane, QLD",Beauty & wellness,4-10 staff,5,"Cosmetic injectables clinic, contact form bookings, no live chat",No,,Clinic Owner / Nurse Injector,info@kanvasd.com.au,,Injectable shoppers compare 3-4 clinics in one sitting — an AI chat that quotes pricing instantly wins the booking before they DM the next clinic.
Barefoot Physiotherapy,barefootphysiotherapy.com.au,"Tennyson, QLD",Health & allied health clinics,5-10 staff,5,"'Please leave a voicemail, we respond within 24hrs' — clear missed-enquiry gap",No,,Practice Manager,hello@barefootphysiotherapy.com.au,1300 842 850,Your contact page asks people to leave a voicemail and wait 24 hours — an AI chat could book them on the spot before they bounce to the next Tennyson physio.
Clifton Hill Chiropractic,cliftonhillchiro.com.au,"Clifton Hill, VIC",Health & allied health clinics,3-6 staff,5,"Owner-operated 30+ years, gmail contact, form-only enquiries, no chat widget",No,Stella Parissis,Principal Chiropractor / Owner,cliftonhillchiro167@gmail.com,03 9481 1933,"After 30 years in Clifton Hill, most new patients now Google you at 9pm — an AI chat would book them while reception is closed instead of losing them to the next chiro."
Adelaide Podiatry Centres,adelaidepodiatrist.net.au,"North Adelaide, SA",Health & allied health clinics,10-20 staff,5,"Two locations, multiple 'Book Free Assessment' CTAs, phone-and-form only, no chat widget",No,,Practice Manager,info@adelaidepodiatrist.net.au,08 8239 1022,You're running free-assessment offers on every page but the only way to claim one is a phone call in business hours — an AI chat would lock those bookings in 24/7.
Eye C Optometry,eyecoptometry.com.au,"South Perth, WA",Health & allied health clinics,3-6 staff,5,"790+ Google reviews, independent owner-operated, contact-form only",No,,Owner / Principal Optometrist,info@eyecoptometry.com.au,,790+ 5-star reviews means a ton of inbound — but right now those website visitors have to fill a form and wait; an AI chat could qualify and book them instantly.
Brisbane Pet Surgery,brisbanepetsurgery.com.au,"Eagle Farm, QLD",Health & allied health clinics,8-15 staff,5,"Closed weekends + after-hours, redirects emergencies elsewhere — missing pet-owner enquiries",No,,Practice Manager,info@brisbanepetsurgery.com.au,07 3064 1064,"You're closed weekends and after 6pm — that's exactly when pet owners panic-Google vets; an AI chat could triage, quote and book Monday's consult while you sleep."
PHYX Newcastle,phyxnewcastle.com.au,"Newcastle, NSW",Health & allied health clinics,4-8 staff,5,"Owner-led physio + pilates studio, contact form + Cliniko, no chat widget",No,Louisa Cutler,Owner / Principal Physiotherapist,admin@phyxnewcastle.com.au,0493 794 586,"People deciding between physio, pilates and massage on your site still have to fill a form to ask — an AI chat would answer 'which is right for me?' and book them then and there."
JC Accountant,jc-accountant.com.au,"Brisbane, QLD",Professional services,2-10 staff,5,"Contact-form + phone only, no chat widget on a busy boutique accounting site",No,,Principal Accountant,info@jc-accountant.com.au,07 3341 1223,Tax-season enquiries hit after 5pm — a chatbot would book consults while you're with clients.
Inspire Accountants,inspire.accountants,"Brisbane, QLD",Professional services,10-20 staff,5,'Book an initial chat' link goes to a form — no live chat widget,No,Ben Walker,Founder,hello@inspireca.com,07 2112 4880,Your 'Book an initial chat' button is really just a form — a real chatbot could qualify and book those leads 24/7.
Taussig Cherrie Fildes Lawyers,tcflawyers.com.au,"Melbourne, VIC",Professional services,20-40 staff,5,"Family-law boutique with 'Enquire now' button — no chat widget, high-value matters",No,,Practice Manager,famlaw@tcflawyers.com.au,03 9605 1700,"Family-law enquiries are emotional and urgent — a chatbot triages them the moment they land, before they bounce to a competitor."
Partners in Family Law,partnersinfamilylaw.com.au,"Melbourne, VIC",Professional services,5-15 staff,5,"High-intent family-law enquiries, contact-form + phone only",No,,Principal,info@partnersinfamilylaw.com.au,03 8596 8162,Family-law leads who reach you after hours are often gone by morning — a chatbot keeps them engaged and books the consult.
Absolute Bookkeeping Perth,absolutebookkeepingperth.com.au,"Perth, WA",Professional services,1-5 staff,5,"Solo-owner bookkeeper, mobile-only contact, no chat — perfect missed-enquiry fit",No,Deb,Owner,deb@absolutebookkeepingperth.com.au,0437 418 399,When you're on a client's books you can't answer the phone — a $150/mo chatbot catches every enquiry that would otherwise hang up.
Adelaide Migration Agent,adelaidemigrationagent.com.au,"Adelaide, SA",Professional services,3-10 staff,5,"Visa enquiries are urgent and international (different timezones); booking-form only, no chat",No,,Principal Migration Agent,contact@adelaidemigrationagent.com.au,08 7123 3466,Visa applicants browsing from overseas at 3am can't wait for a callback — a chatbot qualifies and books them instantly.
Right Financial Mortgage Brokers,rightfinancial.com.au,"Newcastle, NSW",Professional services,5-15 staff,5,"Mortgage broker — buyers research at night, no chat widget on site",No,,Principal Broker,info@rightfinancial.com.au,02 9934 9735,"Homebuyers do their mortgage research at 10pm — a chatbot pre-qualifies them (deposit, income, loan size) and books the broker call."
Hauss Realty,hauss.com.au,"Bardon, QLD",Real estate & property management,5-10 staff,5,"Boutique Brisbane West agency, contact form + info@ email, no chat widget",No,,Director,info@hauss.com.au,07 3067 7267,Buyers browsing Hauss listings at 9pm have nowhere to ask a quick question — a chatbot would catch them before they bounce to Ray White.
ABODE Property Brisbane,abodepropertybrisbane.com.au,"Brisbane, QLD",Real estate & property management,3-8 staff,5,"Owner-operated boutique, phone + form only, no chat widget",No,Tracey Hopkirk,Director & Owner,info@abodepropertybrisbane.com.au,07 3517 2476,"As an owner-operated boutique, every missed after-hours enquiry is a listing or rental you personally lose — a chatbot books them while you sleep."
Junction Estate Agents,junctionea.com.au,"Brisbane, QLD",Real estate & property management,3-8 staff,5,"Single hello@ inbox + phone, no chat or after-hours capture",No,Jeremy Paikaew,Founder & Selling Director,hello@junctionea.com.au,07 3110 0830,"Hello@ is great, but it doesn't answer 'is this property still available?' at 10pm — a chatbot does, instantly."
Wallace Advocates,wallaceadvocates.com.au,"Melbourne, VIC",Real estate & property management,2-5 staff,5,"Founder-led buyers advocate, contact form + mobile only, no chat widget",No,Emily Wallace,Founder & Buyer's Advocate,emily@wallaceadvocates.com.au,0418 810 695,Buyer enquiries come in 24/7 but you can't answer your mobile mid-inspection — an AI chatbot qualifies and books discovery calls for you.
Keeping It Realty,keepingitrealty.com.au,"Clarence Gardens, SA",Real estate & property management,5-12 staff,5,"Independent Adelaide agency, phone + form only, no chat widget",No,Christine Holowiecka,Director & Principal,info@keepingitrealty.com.au,08 8351 2776,"Owner-operated agencies live or die by responsiveness — a chatbot makes you the first to reply, every time, even on weekends."
Mod Property Group,modpropertygroup.com.au,"Perth, WA",Real estate & property management,3-8 staff,5,"Boutique property management, hello@ + phone, no chat widget",No,,Director,hello@modpropertygroup.com.au,08 6192 3023,Tenants and landlords ask the same 5 questions on repeat — a chatbot answers them 24/7 so you can focus on growth.
Box Property Management,boxpropertymanagement.com.au,"Perth, WA",Real estate & property management,5-12 staff,5,"Fixed-fee PM agency, contact form only, no chat widget",No,,Director,info@boxpropertymanagement.com.au,08 6557 8990,Landlords comparing PM fees at 11pm need an instant quote — a chatbot delivers it before they fill in three other forms.
Ocean Buyers Agency,oceanbuyersagency.com,"Sunshine Coast, QLD",Real estate & property management,2-5 staff,5,"Founder-led buyers agency, hello@ + mobile, no chat widget",No,,Founder,hello@oceanbuyersagency.com,+61 488 824 142,Interstate buyers researching the Sunshine Coast at all hours need to engage now — a chatbot books their strategy call before they cool off.
Empire Electrical Contractors,empireelectricalcontractors.com.au,"Sydney, NSW",Trades & home services,5-15 staff,5,24/7 emergency electrical promised but only a phone number + 'Get Free Quote' form — no chat widget,No,,Owner,info@empireelectricalcontractors.com.au,0468 404 608,You're promising 24/7 emergency service but every after-hours enquiry has to wait for a callback — a chatbot would book those jobs while you sleep.
Semken Landscaping,semken.com.au,"Melbourne, VIC",Trades & home services,10-25 staff,5,High-end design+build studio relying on phone and a single quote form — no chat widget,No,,Director,info@semken.com.au,(03) 9879 3656,Your Garden Advisory enquiries all funnel through one form — an AI chat could pre-qualify design briefs before they hit your inbox.
Stewarts Pest Control,stewartspestcontrol.com.au,"Perth, WA",Trades & home services,5-15 staff,5,Book-online flow but no chat widget; relies on phone + bookings email,No,,Owner,bookings@stewartspestcontrol.com.au,(08) 9274 8444,You've already invested in 'Book Online' — adding an AI chat on top would turn the 60% of visitors who bounce into booked jobs.
Adelaide Roofing Co,adelaideroofingco.com.au,"Adelaide, SA",Trades & home services,5-15 staff,5,"Single 'obligation-free quote' form, no chat, high-value job type",No,,Owner,info@adelaideroofingco.com.au,(08) 7008 9340,Roof jobs are $10k+ — every missed contact-form enquiry is a five-figure loss a chatbot would have caught.
Sydmech Air Conditioning,sydmech.com.au,"Sydney, NSW",Trades & home services,10-25 staff,5,"Residential + commercial HVAC, contact form only, no chat widget",No,Peter,Owner,peter@sydmech.com.au,(02) 8378 4555,Heatwave week = phones ringing off the hook — a chatbot triages install vs repair enquiries so your team only calls back the hot ones.
Boost Commercial Cleaning,boostcommercialcleaning.com.au,"Melbourne, VIC",Trades & home services,10-30 staff,5,"4.9-star Google rated, 'Request a Free Quote' only, no live chat",No,,Director,hello@boostcommercialcleaning.com.au,1300 211 888,You're earning the clicks with 4.9 stars but every quote request still goes to email — a chatbot turns that into a booked walk-through same day.
Melbourne Pilates Method Studio,melbournepilatesmethodstudio.com.au,"Melbourne, VIC",Beauty & wellness,3-8 staff,4,"Owner-operated boutique studio, enquiry form only, no live chat",No,,Owner / Lead Instructor,info@melbournepilatesmethodstudio.com.au,,New Pilates clients shop late at night — a 24/7 AI chat would book the intro session before they bounce to a competitor.
Kabuki Hair,kabukihair.com.au,"Parkside, SA",Beauty & wellness,8-15 staff,4,"Award-winning Adelaide salon, bookings via Fresha link, no on-site chat",No,,Owner,info@kabukihair.com.au,08 8272 1175,A chat widget could answer 'do you do colour correction?' and push the booking before they click away to Fresha.
The Open Mind Space,theopenmindspace.com.au,"Broadmeadow, NSW",Beauty & wellness,2-8 staff,4,"Wix yoga studio, Momence bookings, no chat widget on site",No,,Studio Owner,hello@theopenmindspace.com.au,,New yogis ask the same 10 questions — let an AI chat answer them instantly and sell the $40 intro pass without you lifting a finger.
Ashley Faithful Training Studios,aftrainingstudios.com.au,"Melbourne, VIC",Beauty & wellness,5-15 staff,4,"Boutique PT studio, enquiry form only, no chat widget",No,Ashley Faithful,Founder / Head Coach,info@aftrainingstudios.com.au,,PT enquiries spike after 9pm — an AI chat books the intro session while you're with a client (or asleep).
Station Street Fit,stationstreetfit.com.au,"Perth, WA",Beauty & wellness,3-8 staff,4,"Boutique fitness studio, free-trial enquiry form, no chat widget",No,,Owner,hello@stationstreetfit.com.au,,Every 'book a free trial' form that goes unanswered for 2 hours is a lost member — an AI chat books them on the spot.
Infuse Health,infusehealth.au,"Adamstown, NSW",Beauty & wellness,6-15 staff,4,"Yoga/Pilates/movement studio, contact + class booking forms, no live chat",No,,Studio Owner,info@infusehealth.au,,First-time movers need hand-holding — an AI chat that explains your classes books trials your contact form misses.
Yovanka Loria Salon,yovankaloriasalon.com.au,"Adelaide, SA",Beauty & wellness,5-12 staff,4,"Luxury hair extensions salon, consultation form only, no chat widget",No,Yovanka Loria,Owner / Master Stylist,info@yovankaloriasalon.com.au,,Extension enquiries are high-intent and high-ticket — an AI chat qualifies hair type and books the consult before they shop around.
Alpha Physio,alphaphysio.com.au,"Sumner, QLD",Health & allied health clinics,3-8 staff,4,"Cliniko booking + contact page only, no live chat widget",No,,Practice Manager,info@alphaphysio.com.au,,"Your Cliniko booking is great after-hours, but every enquiry that isn't ready to book yet is hitting a contact form — an AI chat could capture them in seconds."
Sydney City Psychology,sydneycitypsychology.com.au,"Sydney, NSW",Health & allied health clinics,8-15 staff,4,"Reception 'matches you by phone' — every enquiry needs a human, no chat widget",No,,Practice Manager,info@sydneycitypsychology.com.au,02 9235 3127,Your reception team currently matches every new client over the phone — an AI chat could do the initial intake and Medicare/referral Q&A so they only get warm bookings.
Western Clinic Medical Centre,westernclinic.com.au,"Torrensville, SA",Health & allied health clinics,15-30 staff,4,"Multi-service GP + allied + cosmetic, contact-form only, no chat widget",No,,Practice Manager,reception@westernclinic.com.au,08 8450 2500,"You offer GP, physio, podiatry and cosmetic under one roof — but your website makes patients call to figure out which one they need; an AI chat could route and book them instantly."
WestVETS Animal Hospital,westvets.com.au,"Anstead, QLD",Health & allied health clinics,15-30 staff,4,"Two clinics, Vetstoria booking but no AI chat to handle questions/triage",No,,Practice Manager,info@westvets.com.au,07 3202 7300,"Vetstoria handles bookings, but every 'is this an emergency?' or 'do you treat horses?' question still goes to your front desk — an AI chat could absorb that load 24/7."
North Sydney Psychology Clinic,northsydneypsychology.com.au,"North Sydney, NSW",Health & allied health clinics,30+ practitioners,4,"7 locations, 30+ practitioners, 'immediate availability' CTA — high inbound, phone-led",No,,Practice Manager,info@northsydneypsychology.com.au,02 7256 7070,You're advertising 'immediate availability' across 7 clinics — an AI chat could match clients to the right psychologist and location in 30 seconds instead of a phone tag loop.
WalkerHill Accounting,walkerhill.com.au,"Brisbane, QLD",Professional services,15-30 staff,4,"High-volume small-business accounting site, contact-form only",No,,Practice Manager,support@walkerhill.com.au,07 3367 3155,Every after-hours visitor on your site bounces to a form — a chatbot would capture and qualify them before the next morning.
M+H Private,mhprivate.com.au,"Brisbane, QLD",Professional services,10-25 staff,4,"Boutique medical-accounting niche, no chat widget",No,,Partner,info@mhprivate.com.au,02 4050 3804,Doctors browsing your site at 10pm won't fill a form — a chatbot would book the discovery call while they're still reading.
Velocity Legal,velocitylegal.com.au,"Melbourne, VIC",Professional services,10-25 staff,4,"Boutique tax/commercial law firm, form-only contact, no chat",No,,Office Manager,office@velocitylegal.com.au,03 7043 3311,Your contact page promises 'someone will be in touch' — a chatbot can qualify and book the meeting instantly.
WMK Accounting,wmkaccounting.com.au,"Perth, WA",Professional services,5-12 staff,4,"Small-business accountant, owner emails published, no chat widget",No,Mandy,Director,mandy@wmkaccounting.com.au,08 9409 4774,Your contact page is just a phone and email — a chatbot would handle the basic 'how much do you charge?' questions for you.
Advanced Bookkeeping Solutions,advancedbb.com.au,"Perth, WA",Professional services,2-8 staff,4,"Owner-operated bookkeeper, form + phone only, no chat",No,Aaron,Owner,aaron@advancedbb.com.au,08 9387 8886,"Your site invites people to 'chat about how we can help', but there's no chat — let's fix that for under $200/mo."
Ben Aylen Migration,benaylen.com.au,"Adelaide, SA",Professional services,1-5 staff,4,"Solo migration agent, contact-form only, no chat widget",No,Ben Aylen,Owner / Migration Agent,info@benaylen.com.au,,As a solo agent every missed enquiry is a lost client — a chatbot answers FAQs and books consults while you're with applicants.
Accomplish Wealth,accomplishwealth.com.au,"Gold Coast, QLD",Professional services,5-15 staff,4,"Boutique financial planning firm, form-only enquiry, no chat",No,,Principal Adviser,hello@accomplishwealth.com.au,,High-net-worth prospects who land on your site after hours won't fill a form — a chatbot books the first call while interest is hot.
Mortgage Broker Sydney,mortgagebrokersydney.com.au,"Sydney, NSW",Professional services,5-20 staff,4,"Phone + 'request an appointment' form only, no live chat",No,,Principal Broker,info@mortgagebrokersydney.com.au,1300 983 670,"Your 1300 number rings out after hours — a chatbot captures the enquiry, qualifies the loan, and books the broker for the morning."
Calibre Real Estate,calibrerealestate.com.au,"Red Hill, QLD",Real estate & property management,15-25 staff,4,Sales + rentals enquiries via contact form & phone only; no chat widget,No,Alice Hagen,Director / Principal,sales@calibrerealestate.com.au,07 3367 3411,You're handling sales and rentals enquiries through a single contact form — after-hours leads are silently bouncing.
LP Advisory,lpadvisory.com.au,"South Yarra, VIC",Real estate & property management,3-10 staff,4,"Buyers agency, info@ + landline, contact form only, no chat widget",No,,Founder / Director,info@lpadvisory.com.au,03 9498 3131,Buyers researching Melbourne suburbs at midnight need answers now — a chatbot captures them before they DM your competitor on Instagram.
Inview Property Group,inviewpropertygroup.com.au,"Melbourne, VIC",Real estate & property management,3-10 staff,4,"Buyers advocacy contact form, mobile only, appears no chat widget",Unverified,,Director,info@inviewpropertygroup.com.au,0418 122 296,Your contact form says 'we'll be in touch' — meanwhile the buyer's already on a call with another advocate. A chatbot closes that gap.
Klemich Real Estate,klemich.com.au,"Dulwich, SA",Real estate & property management,20-40 staff,4,"Boutique Adelaide agency, sold@ + media@ inboxes, no chat widget",No,Matt Smith,Principal / Director,sold@klemich.com.au,08 8331 6555,You've built the reputation — now make sure no buyer enquiry ever waits more than 10 seconds for a reply.
Bailey Property,baileypropertysa.com.au,"Adelaide, SA",Real estate & property management,10-25 staff,4,"Independent family agency, single admin@ inbox, no chat widget",No,Mark Bailey,Co-Founder & Principal,admin@baileypropertysa.com.au,08 7320 3949,One admin inbox is doing the work of a front-desk team — a chatbot triages enquiries and books inspections automatically.
Strategia Strata,strategiastrata.com,"Sydney, NSW",Real estate & property management,5-15 staff,4,"Independent Sydney strata manager, admin@ inbox, no chat widget",No,,Director,admin@strategiastrata.com,,Owners corporations expect instant answers about levies and repairs — a chatbot handles the routine 80% and escalates the rest.
Ross-Hunt Real Estate,rosshunt.com.au,"Surrey Hills, VIC",Real estate & property management,10-20 staff,4,"Long-standing independent agency, single shared inbox, no chat widget",No,,Director,rosshunt@rosshunt.com.au,03 9830 4044,"Your reputation pulls inbound enquiry — a chatbot makes sure every one of them gets answered in 5 seconds, not 5 hours."
MBM Landscaping & Maintenance,mbmlandscapingmaintenance.com,"Dandenong, VIC",Trades & home services,5-15 staff,4,"Contact-form-only website, no live chat, peak spring demand",No,,Owner,info@mbmlandscapingmaintenance.com,(03) 9068 6288,Spring's your busiest window — a chatbot can capture and book quote requests at 9pm when homeowners are actually browsing.
Allpest,allpest.com.au,"Perth, WA",Trades & home services,15-40 staff,4,'Free Proposal' button leads to a static form — no chat widget,No,,Operations Manager,info@allpest.com.au,(08) 9416 0200,Termite enquiries are urgent — losing a lead to a competitor because nobody answered the form for 6 hours is exactly what a chatbot fixes.
Adelaide Hills Roofing,adelaidehillsroofing.com,"Adelaide Hills, SA",Trades & home services,2-8 staff,4,"Owner-operated; Squarespace site with a 'we'll call you' form, no chat",No,,Owner,adelaidehillsroofing@gmail.com,0492 178 551,"You're on the tools all day — an AI chat replies to enquiries the second they hit the site, so you don't lose them to whoever calls back first."
Spruce It Up Painting,paintersgc.com.au,"Gold Coast, QLD",Trades & home services,3-10 staff,4,"Owner-operated painters, contact-form + phone only, no chat widget",No,,Owner,info@paintersgc.com.au,0435 767 723,Homeowners shop painters at night after work — an AI chat that books quote visits 24/7 would lock in jobs before competitors even open.
KYC Air Conditioning,kycairconditioning.com.au,"Sydney, NSW",Trades & home services,5-15 staff,4,"reCAPTCHA-protected quote form, no live chat",No,,Owner,info@kycairconditioning.com.au,0484 595 959,Your spring specials are running — an AI chat on the page can answer 'will it fit my home?' instantly and book the install.
Supa's Cleaning Services,supascleaning.com.au,"Melbourne, VIC",Trades & home services,15-40 staff,4,'Fast Quote' / 'Detailed Quote' popups but no chat widget,No,,Owner,info@supascleaning.com.au,(03) 9068 5777,Office managers RFQ at 5pm — a chatbot that asks 'how many sqm and how often?' would deliver a hot lead before you open tomorrow.
Bedford Medical Clinic,bedfordmedical.com.au,"Bedford Park, SA",Health & allied health clinics,10-20 staff,3,"Independent GP + day surgery, old site, no chat widget — appears none, verify",Unverified,,Practice Manager,reception@bedfordmedical.com.au,,"Your site sends every new patient to a phone-only booking page — an AI chat could pre-screen Medicare, GP vs day-surgery enquiries and free up reception."