Company,Website,Location,Vertical,Phone,Email,Why a chatbot would help
Acro Accounting,https://acroaccounting.au/,"Brisbane, QLD",Accounting & bookkeeping,07 3341 4658,enquiry@acroaccounting.au,"An AI assistant qualifies whether a lead needs BAS, tax or advisory and books the right appointment, filtering out time-wasters."
Affordbooks Tax,https://affordbookstax.com.au/,"Brisbane, QLD",Accounting & bookkeeping,0402 124 067,info@affordbookstax.com.au,"An AI assistant qualifies whether a lead needs BAS, tax or advisory and books the right appointment, filtering out time-wasters."
Amour Accountants,https://amoura.com.au/,"Brisbane, QLD",Accounting & bookkeeping,1300 223 910,info@amoura.com.au,"Tax-time and new-client enquiries pile up — a chatbot can answer service and pricing questions and book a consult 24/7, freeing the team for billable work."
Buffett Partners,https://buffettpartners.com.au/,"Brisbane, QLD",Accounting & bookkeeping,07 3063 7519,admin@buffettpartners.com.au,"Tax-time and new-client enquiries pile up — a chatbot can answer service and pricing questions and book a consult 24/7, freeing the team for billable work."
Darcy Services,https://darcyservices.com.au/,"Brisbane, QLD",Accounting & bookkeeping,1300 728 875,,"An AI assistant qualifies whether a lead needs BAS, tax or advisory and books the right appointment, filtering out time-wasters."
Gecko Cloud Solutions,https://geckocloudsolutions.com.au/,"Brisbane, QLD",Accounting & bookkeeping,0421 278 128,info@geckocloudsolutions.com.au,"Tax-time and new-client enquiries pile up — a chatbot can answer service and pricing questions and book a consult 24/7, freeing the team for billable work."
Inspire Accountants,https://inspire.accountants/,"Brisbane, QLD",Accounting & bookkeeping,07 2112 4880,,"Tax-time and new-client enquiries pile up — a chatbot can answer service and pricing questions and book a consult 24/7, freeing the team for billable work."
Marsh Tincknell Chartered Accountants,https://marshtincknell.com.au/,"Brisbane, QLD",Accounting & bookkeeping,07 3422 8000,,"Tax-time and new-client enquiries pile up — a chatbot can answer service and pricing questions and book a consult 24/7, freeing the team for billable work."
Walker Hill,https://walkerhill.com.au/,"Brisbane, QLD",Accounting & bookkeeping,07 3367 3155,support@walkerhill.com.au,"An AI assistant qualifies whether a lead needs BAS, tax or advisory and books the right appointment, filtering out time-wasters."
Beam Services,https://beamservices.com.au/,"Kedron, QLD",Allied health,,warnersbay@beamservices.com.au,"A chatbot qualifies the enquiry, answers NDIS/health-fund questions and books the session, so leads aren't lost while clinicians are with clients."
Best Start Possible,https://beststartpossible.com.au/,"Brisbane, QLD",Allied health,07 3881 1739,reception@bsp.clinic,"Referrals and rebate questions arrive outside clinic hours — an AI chat can explain services, check funding and book the initial appointment 24/7."
Blueflame Wellness,https://blueflamewellness.com/,"Brisbane, QLD",Allied health,07 3217 7382,info@blueflamewellness.com,"Referrals and rebate questions arrive outside clinic hours — an AI chat can explain services, check funding and book the initial appointment 24/7."
Brisbane Actcentre,https://brisbaneactcentre.com.au/,"Brisbane, QLD",Allied health,07 3193 1072,,"A chatbot qualifies the enquiry, answers NDIS/health-fund questions and books the session, so leads aren't lost while clinicians are with clients."
Brisbane City Psychologist,https://brisbanecitypsychologist.com.au/,"Brisbane City, QLD",Allied health,07 3503 6813,,"Referrals and rebate questions arrive outside clinic hours — an AI chat can explain services, check funding and book the initial appointment 24/7."
Brisbane Foot Clinic,https://brisbanefootclinic.com.au/,"Brisbane, QLD",Allied health,07 3800 9491,,"Referrals and rebate questions arrive outside clinic hours — an AI chat can explain services, check funding and book the initial appointment 24/7."
Brisbane Livewell Clinic,https://brisbanelivewellclinic.com.au/,"Brisbane, QLD",Allied health,07 3861 5881,,"A chatbot qualifies the enquiry, answers NDIS/health-fund questions and books the session, so leads aren't lost while clinicians are with clients."
CFHP,https://cfhp.com.au/,"Brisbane, QLD",Allied health,07 3211 1117,,"Referrals and rebate questions arrive outside clinic hours — an AI chat can explain services, check funding and book the initial appointment 24/7."
Entire Podiatry,https://entirepodiatry.com.au/,"Brisbane City, QLD",Allied health,07 3229 9959,reception@entirepodiatry.com.au,"Referrals and rebate questions arrive outside clinic hours — an AI chat can explain services, check funding and book the initial appointment 24/7."
Goals Psychology,https://goalspsychology.com/,"Brisbane, QLD",Allied health,0451 674 121,hello@goalspsychology.com,"A chatbot qualifies the enquiry, answers NDIS/health-fund questions and books the session, so leads aren't lost while clinicians are with clients."
Integrated Wellness Clinic,https://integratedwellnessclinic.com.au/,"Brisbane, QLD",Allied health,07 5458 4800,reception@integratedwellnessclinic.com.au,"Referrals and rebate questions arrive outside clinic hours — an AI chat can explain services, check funding and book the initial appointment 24/7."
MY Family Podiatry,https://myfamilypodiatry.com.au/,"Albany Creek, QLD",Allied health,07 3088 6116,,"Referrals and rebate questions arrive outside clinic hours — an AI chat can explain services, check funding and book the initial appointment 24/7."
MY Foot DR,https://myfootdr.com.au/,"Brisbane, QLD",Allied health,1800 366 837,,"A chatbot qualifies the enquiry, answers NDIS/health-fund questions and books the session, so leads aren't lost while clinicians are with clients."
MY Therapy Crew,https://mytherapycrew.com.au/,"Brisbane, QLD",Allied health,07 3139 1202,admin@mytherapycrew.com.au,"A chatbot qualifies the enquiry, answers NDIS/health-fund questions and books the session, so leads aren't lost while clinicians are with clients."
Mypsych Clinic,https://mypsychclinic.com.au/,"Brisbane, QLD",Allied health,07 3349 5511,info@mypsychclinic.com.au,"A chatbot qualifies the enquiry, answers NDIS/health-fund questions and books the session, so leads aren't lost while clinicians are with clients."
Pacific Health & Wellbeing,https://pacifichw.com.au/,"Brisbane, QLD",Allied health,07 3267 3287,,"Referrals and rebate questions arrive outside clinic hours — an AI chat can explain services, check funding and book the initial appointment 24/7."
Posh Speech Clinic,https://poshspeechclinic.com.au/,"Brisbane, QLD",Allied health,0411 141 148,poshspclinic@gmail.com,"A chatbot qualifies the enquiry, answers NDIS/health-fund questions and books the session, so leads aren't lost while clinicians are with clients."
Simply Nutrition Dietitians,https://simplynutritiondietitians.com.au/,"Brisbane, QLD",Allied health,1300 380 694,,"Referrals and rebate questions arrive outside clinic hours — an AI chat can explain services, check funding and book the initial appointment 24/7."
Speech Care,https://speechcare.com.au/,"Brisbane, QLD",Allied health,07 3395 4400,,"A chatbot qualifies the enquiry, answers NDIS/health-fund questions and books the session, so leads aren't lost while clinicians are with clients."
SpeechNet Speech Pathology,https://speechnet.com.au/,"Brisbane, QLD",Allied health,07 3349 9234,,"Referrals and rebate questions arrive outside clinic hours — an AI chat can explain services, check funding and book the initial appointment 24/7."
Sweet Softies,https://sweetsofties.com/,"Brisbane, QLD",Allied health,,jade@sweetsofties.com,"A chatbot qualifies the enquiry, answers NDIS/health-fund questions and books the session, so leads aren't lost while clinicians are with clients."
The Optometry Studio,https://theoptometrystudio.com.au/,"Wilston, QLD",Allied health,07 3356 0943,,"A chatbot qualifies the enquiry, answers NDIS/health-fund questions and books the session, so leads aren't lost while clinicians are with clients."
Tyack Health,https://tyackhealth.com.au/,"Brisbane, QLD",Allied health,07 3249 5333,,"Referrals and rebate questions arrive outside clinic hours — an AI chat can explain services, check funding and book the initial appointment 24/7."
Walk Without Pain Podiatry,https://walkwithoutpain.com.au/,"Brisbane, QLD",Allied health,07 3260 7225,,"A chatbot qualifies the enquiry, answers NDIS/health-fund questions and books the session, so leads aren't lost while clinicians are with clients."
Carmend Smash Repairs,https://carmend.com.au/,"Brisbane, QLD",Automotive,07 3189 3909,rob@carmend.com.au,"An AI assistant answers 'how much for a logbook service / can you look at it today?' and books it, capturing leads the workshop misses."
GM Smash Repairs,https://gmsmashrepairs.com.au/,"Brisbane, QLD",Automotive,0401 041 503,,"Bookings and quote questions come in after hours — a chatbot can quote common jobs, check availability and book the car in 24/7."
Northside Smash Repair,https://northsidesmashrepair.com.au/,"Brisbane, QLD",Automotive,,info@northsidesmashrepair.com.au,"An AI assistant answers 'how much for a logbook service / can you look at it today?' and books it, capturing leads the workshop misses."
Rolscar Smash,https://rolscarsmash.com.au/,"Brisbane, QLD",Automotive,07 3376 5554,parts@rolscarsmash.com.au,"An AI assistant answers 'how much for a logbook service / can you look at it today?' and books it, capturing leads the workshop misses."
Toni Smash Repairs,https://tonismashrepairs.com.au/,"Brisbane, QLD",Automotive,0432 526 911,tonismashrepairs45@gmail.com,"Bookings and quote questions come in after hours — a chatbot can quote common jobs, check availability and book the car in 24/7."
Wolfe Smash Repairs,https://wolfesmashrepairs.com.au/,"Brisbane, QLD",Automotive,07 3266 3312,info@wolfesmashrepairs.com.au,"Bookings and quote questions come in after hours — a chatbot can quote common jobs, check availability and book the car in 24/7."
Archon,https://archon.au/,"Brisbane, QLD",Beauty & skin,,hello@archonspas.com.au,Bookings and pricing questions arrive at all hours — a website chatbot can answer treatment FAQs and lock in appointments overnight instead of losing them to the contact form.
Bare Beauty Brisbane,https://barebeautybrisbane.com/,"Brisbane, QLD",Beauty & skin,0416 447 277,info@barebeautybrisbane.com,"Most spa enquiries are 'do you have anything this week?' — an AI assistant can check availability, quote packages and book on the spot, 24/7."
Brisbane Skin,https://brisbaneskin.com.au/,"Brisbane, QLD",Beauty & skin,07 3160 3330,,Bookings and pricing questions arrive at all hours — a website chatbot can answer treatment FAQs and lock in appointments overnight instead of losing them to the contact form.
Byron Eve,https://byroneve.com.au/,"Brisbane, QLD",Beauty & skin,07 3899 4222,hello@byroneve.com.au,"Most spa enquiries are 'do you have anything this week?' — an AI assistant can check availability, quote packages and book on the spot, 24/7."
Chant ALL Ouise Skin,https://chantallouiseskin.com.au/,"Brisbane, QLD",Beauty & skin,07 3260 5908,info@chantallouiseskin.com.au,"Most spa enquiries are 'do you have anything this week?' — an AI assistant can check availability, quote packages and book on the spot, 24/7."
Gabba Health HUB,https://gabbahealthhub.com.au/,"Brisbane, QLD",Beauty & skin,07 3239 2121,,Bookings and pricing questions arrive at all hours — a website chatbot can answer treatment FAQs and lock in appointments overnight instead of losing them to the contact form.
GB Salon,https://gbsalon.com.au/,"Brisbane, QLD",Beauty & skin,0403 615 733,amby@gbsalon.com.au,Bookings and pricing questions arrive at all hours — a website chatbot can answer treatment FAQs and lock in appointments overnight instead of losing them to the contact form.
Injex Clinics,https://injexclinics.com/,"Brisbane, QLD",Beauty & skin,0437 372 764,,Bookings and pricing questions arrive at all hours — a website chatbot can answer treatment FAQs and lock in appointments overnight instead of losing them to the contact form.
Kailo Medispa,https://kailomedispa.com/,"Brisbane, QLD",Beauty & skin,07 3252 3225,reception@kailomedispa.com,Bookings and pricing questions arrive at all hours — a website chatbot can answer treatment FAQs and lock in appointments overnight instead of losing them to the contact form.
Peche Medispa,https://pechemedispa.com.au/,"Brisbane, QLD",Beauty & skin,1300 558 204,,"Most spa enquiries are 'do you have anything this week?' — an AI assistant can check availability, quote packages and book on the spot, 24/7."
Simply Laser,https://simplylaser.com.au/,"Brisbane, QLD",Beauty & skin,07 3211 4785,,"Most spa enquiries are 'do you have anything this week?' — an AI assistant can check availability, quote packages and book on the spot, 24/7."
A Hair CON,https://ahaircon.com.au/,"Brisbane, QLD",Building & trades,0411 599 905,,"An AI assistant qualifies budget, scope and timeframe before you call back, so you only chase the leads worth chasing."
Abruzzo Tiling,https://abruzzotiling.com.au/,"Brisbane, QLD",Building & trades,0478 567 969,abruzzo@abruzzotiling.com.au,Quote enquiries are high-value but easy to miss on site — a chatbot can capture project details and book a site visit 24/7.
AC Brisbane,https://acbrisbane.com.au/,"Brisbane, QLD",Building & trades,1300 222 747,,Quote enquiries are high-value but easy to miss on site — a chatbot can capture project details and book a site visit 24/7.
Advanced NS,https://advancedns.com.au/,"Brisbane, QLD",Building & trades,1300 662 345,,"An AI assistant qualifies budget, scope and timeframe before you call back, so you only chase the leads worth chasing."
Aussietecture,https://aussietecture.com.au/,"Brisbane, QLD",Building & trades,07 3112 7562,,"An AI assistant qualifies budget, scope and timeframe before you call back, so you only chase the leads worth chasing."
Brisbane AIR,https://brisbaneair.com.au/,"Brisbane, QLD",Building & trades,07 3269 8450,,Quote enquiries are high-value but easy to miss on site — a chatbot can capture project details and book a site visit 24/7.
Brisbane Roofing Co,https://brisbaneroofingco.com.au/,"Brisbane, QLD",Building & trades,1300 634 100,,"An AI assistant qualifies budget, scope and timeframe before you call back, so you only chase the leads worth chasing."
Brisbane Roofing Solutions,https://brisbaneroofingsolutions.com.au/,"Brisbane, QLD",Building & trades,07 3276 1546,,Quote enquiries are high-value but easy to miss on site — a chatbot can capture project details and book a site visit 24/7.
Brizscapes,https://brizscapes.com.au/,"Brisbane, QLD",Building & trades,0439 532 152,,"An AI assistant qualifies budget, scope and timeframe before you call back, so you only chase the leads worth chasing."
Cavell Tiling Bathroomrenos,https://cavelltilingbathroomrenos.com.au/,"Brisbane, QLD",Building & trades,0417 073 690,,Quote enquiries are high-value but easy to miss on site — a chatbot can capture project details and book a site visit 24/7.
Co Ohom,https://coohom.com/,"Brisbane, QLD",Building & trades,,support@coohom.com,"An AI assistant qualifies budget, scope and timeframe before you call back, so you only chase the leads worth chasing."
Coral Homes,https://coralhomes.com.au/,"Brisbane, QLD",Building & trades,07 5585 2555,,"An AI assistant qualifies budget, scope and timeframe before you call back, so you only chase the leads worth chasing."
Definite Tiling,https://definitetiling.com/,"Brisbane, QLD",Building & trades,0467 398 033,info@definitetiling.com,"An AI assistant qualifies budget, scope and timeframe before you call back, so you only chase the leads worth chasing."
Fivestar Roofing,https://fivestarroofing.com.au/,"Brisbane, QLD",Building & trades,1300 689 570,sales@fivestarroofing.com.au,Quote enquiries are high-value but easy to miss on site — a chatbot can capture project details and book a site visit 24/7.
Fortified,https://fortified.com.au/,"Brisbane, QLD",Building & trades,1300 859 578,,Quote enquiries are high-value but easy to miss on site — a chatbot can capture project details and book a site visit 24/7.
Garden Maintenance Brisbane,https://gardenmaintenance.net.au/,"Brisbane, QLD",Building & trades,1300 687 846,,Quote enquiries are high-value but easy to miss on site — a chatbot can capture project details and book a site visit 24/7.
Infinite Roofing,https://infiniteroofing.com.au/,"Brisbane, QLD",Building & trades,07 3220 0683,info@infiniteroofing.com.au,Quote enquiries are high-value but easy to miss on site — a chatbot can capture project details and book a site visit 24/7.
Instant Greenscene,https://greenscenegardenscope.com.au/,"Brisbane, QLD",Building & trades,0408 770 646,,Quote enquiries are high-value but easy to miss on site — a chatbot can capture project details and book a site visit 24/7.
KWR Roofing,https://kwrroofing.com.au/,"Brisbane, QLD",Building & trades,07 3847 1031,info@kwrroofing.com.au,"An AI assistant qualifies budget, scope and timeframe before you call back, so you only chase the leads worth chasing."
Maddison Construction S,https://maddisonconstructions.com.au/,"Brisbane, QLD",Building & trades,07 3388 0075,estimator@maddisonconstructions.com.au,Quote enquiries are high-value but easy to miss on site — a chatbot can capture project details and book a site visit 24/7.
North Brisbane Tiling,https://northbrisbanetiling.com.au/,"Brisbane, QLD",Building & trades,0433 126 795,info@northbrisbanetiling.com.au,Quote enquiries are high-value but easy to miss on site — a chatbot can capture project details and book a site visit 24/7.
Oz-Roof,https://oz-roof.com.au/,"Brisbane, QLD",Building & trades,0419 039 693,,"An AI assistant qualifies budget, scope and timeframe before you call back, so you only chase the leads worth chasing."
RJ Tiling Brisbane,https://rjtilingbrisbane.com.au/,"Brisbane, QLD",Building & trades,0480 218 202,rjfencing@tophillmarketing.com,"An AI assistant qualifies budget, scope and timeframe before you call back, so you only chase the leads worth chasing."
Russell Air,https://russellair.com.au/,"Brisbane, QLD",Building & trades,1300 787 724,,"An AI assistant qualifies budget, scope and timeframe before you call back, so you only chase the leads worth chasing."
Skyline Roof Restorations,https://skylineroofrestorations.com.au/,"Brisbane, QLD",Building & trades,0422 355 090,,Quote enquiries are high-value but easy to miss on site — a chatbot can capture project details and book a site visit 24/7.
Sun City Air,https://suncityair.com.au/,"Brisbane, QLD",Building & trades,07 3283 5566,suncityair@suncityair.com.au,"An AI assistant qualifies budget, scope and timeframe before you call back, so you only chase the leads worth chasing."
Superiorwaterp Roofing,https://superiorwaterproofing.com.au/,"Brisbane, QLD",Building & trades,0468 760 750,info@superiorwaterproofing.com.au,Quote enquiries are high-value but easy to miss on site — a chatbot can capture project details and book a site visit 24/7.
Tony Stephens Refrigeration,https://tonystephensrefrigeration.com.au/,"Brisbane, QLD",Building & trades,07 5482 8100,,Quote enquiries are high-value but easy to miss on site — a chatbot can capture project details and book a site visit 24/7.
Tristansmith,https://tristansmith.com.au/,"Brisbane, QLD",Building & trades,0406 682 807,info@tristansmith.com.au,Quote enquiries are high-value but easy to miss on site — a chatbot can capture project details and book a site visit 24/7.
Vantage Point Roofing,https://vantagepointroofing.com.au/,"Brisbane, QLD",Building & trades,07 2004 0422,,"An AI assistant qualifies budget, scope and timeframe before you call back, so you only chase the leads worth chasing."
Victor Voltage,https://victorvoltage.com.au/,"Brisbane, QLD",Building & trades,0413 376 205,info@victorvoltage.com.au,"An AI assistant qualifies budget, scope and timeframe before you call back, so you only chase the leads worth chasing."
Geebung Family Chiropractic,https://geebungfamilychiropractic.com.au/,"Geebung, QLD",Chiropractic,07 3359 4510,info@geebungfamilychiropractic.com.au,"People search for relief late at night — a website chatbot can explain the approach, answer pricing and book the first adjustment 24/7."
Health Healing Wellness,https://healthhealingwellness.net.au/,"Brisbane, QLD",Chiropractic,07 3186 0587,,"An AI assistant qualifies new patients and books appointments automatically, so enquiries don't sit unanswered while the clinic is mid-treatment."
MAC Family Chiro,https://macfamilychiro.com.au/,"Brisbane, QLD",Chiropractic,,macfamilychiro@gmail.com,"An AI assistant qualifies new patients and books appointments automatically, so enquiries don't sit unanswered while the clinic is mid-treatment."
North Brisbane Chiropractic,https://northbrisbanechiropractic.com/,"Everton Park, QLD",Chiropractic,07 3354 3111,,"People search for relief late at night — a website chatbot can explain the approach, answer pricing and book the first adjustment 24/7."
Northside Chiropractic Clinic,https://northsidechiropracticclinic.com.au/,"Brisbane, QLD",Chiropractic,0406 010 157,,"People search for relief late at night — a website chatbot can explain the approach, answer pricing and book the first adjustment 24/7."
Spine Institute,https://spineinstitute.au/,"Brisbane, QLD",Chiropractic,07 3161 5787,,"People search for relief late at night — a website chatbot can explain the approach, answer pricing and book the first adjustment 24/7."
The Spine Centre,https://thespinecentre.com.au/,"Wilston, QLD",Chiropractic,07 3356 1090,,"An AI assistant qualifies new patients and books appointments automatically, so enquiries don't sit unanswered while the clinic is mid-treatment."
Brisbane Dental,https://brisbanedental.com.au/,"Brisbane City, QLD",Dental,07 3236 2984,,"A website assistant answers 'do you take my health fund / do payment plans?' and books the visit instantly, capturing leads reception can't."
HD Dental,https://hddental.com.au/,"South Brisbane, QLD",Dental,07 3849 2711,info@hddental.com.au,"Emergency and new-patient enquiries spike after hours — a chatbot can triage urgency, quote common treatments and book the chair any time."
Orthodontist Brisbane,https://orthodontistbrisbane.clinic/,"Brisbane, QLD",Dental,07 3368 1222,admin@oliverorthodontics.com.au,"Emergency and new-patient enquiries spike after hours — a chatbot can triage urgency, quote common treatments and book the chair any time."
Pure Dentistry,https://puredentistry.com.au/,"Brisbane, QLD",Dental,07 3343 4869,info@puredentistry.com.au,"Emergency and new-patient enquiries spike after hours — a chatbot can triage urgency, quote common treatments and book the chair any time."
South Dent,https://southdent.com.au/,"South Brisbane, QLD",Dental,07 3279 8811,info@southdent.com.au,"A website assistant answers 'do you take my health fund / do payment plans?' and books the visit instantly, capturing leads reception can't."
AJC Electrical,https://ajcelectrical.com.au/,"Brisbane, QLD",Electrical,07 3266 1888,enquiries@ajcelectrical.com.au,"Every missed call is a job lost to the next tradie — a website chatbot can capture the job details, qualify urgency and book a quote 24/7."
CU Electrical,https://cu2electrical.com.au/,"Brisbane, QLD",Electrical,1300 282 130,,After-hours and emergency enquiries go unanswered on the tools — an AI assistant logs the lead and books the callout instantly.
D and P Electrical,https://dandpelectrical.com.au/,"Brisbane, QLD",Electrical,,decycon@gmail.com,After-hours and emergency enquiries go unanswered on the tools — an AI assistant logs the lead and books the callout instantly.
DB Electrical,https://dbelectrical.com.au/,"Brisbane, QLD",Electrical,07 3889 7788,admin@dbelectrical.com.au,"Every missed call is a job lost to the next tradie — a website chatbot can capture the job details, qualify urgency and book a quote 24/7."
Gimpel Electrics,https://gimpelelectrics.com.au/,"Brisbane, QLD",Electrical,07 3343 4066,,"Every missed call is a job lost to the next tradie — a website chatbot can capture the job details, qualify urgency and book a quote 24/7."
Hankinson Electrical,https://hankinsonelectrical.com.au/,"Brisbane, QLD",Electrical,0400 033 303,admin@hankinsonelectrical.com.au,After-hours and emergency enquiries go unanswered on the tools — an AI assistant logs the lead and books the callout instantly.
Hewitt Trade Services,https://hewitttradeservices.com.au/,"Brisbane, QLD",Electrical,07 3634 0200,,"Every missed call is a job lost to the next tradie — a website chatbot can capture the job details, qualify urgency and book a quote 24/7."
Industrial Electrical Contractors,https://sunelec.com.au/,"Brisbane, QLD",Electrical,07 3883 3199,,After-hours and emergency enquiries go unanswered on the tools — an AI assistant logs the lead and books the callout instantly.
JNA Electrical,https://jnaelectrical.com.au/,"Brisbane, QLD",Electrical,0439 355 405,,After-hours and emergency enquiries go unanswered on the tools — an AI assistant logs the lead and books the callout instantly.
Martel Electrical,https://martelelectrical.com.au/,"Brisbane, QLD",Electrical,07 3184 3533,info@martelelectrical.com.au,After-hours and emergency enquiries go unanswered on the tools — an AI assistant logs the lead and books the callout instantly.
Munn Electrical,https://munnelectrical.com.au/,"Brisbane, QLD",Electrical,0407 522 678,,"Every missed call is a job lost to the next tradie — a website chatbot can capture the job details, qualify urgency and book a quote 24/7."
RL Electrical Contractors,https://rlelectricalcontractors.com.au/,"Brisbane, QLD",Electrical,0431 147 889,admin@rlelectricalcontractors.com.au,"Every missed call is a job lost to the next tradie — a website chatbot can capture the job details, qualify urgency and book a quote 24/7."
RLC Electrical,https://rlcelectrical.com.au/,"Brisbane, QLD",Electrical,0413 817 074,admin@rlcelectrical.com.au,After-hours and emergency enquiries go unanswered on the tools — an AI assistant logs the lead and books the callout instantly.
Static Electric S,https://staticelectrics.com.au/,"Brisbane, QLD",Electrical,07 3497 5076,,After-hours and emergency enquiries go unanswered on the tools — an AI assistant logs the lead and books the callout instantly.
Tiger Electrical,https://tigerelectrical.com.au/,"Brisbane, QLD",Electrical,0416 922 741,tiger.electrical@yahoo.com.au,"Every missed call is a job lost to the next tradie — a website chatbot can capture the job details, qualify urgency and book a quote 24/7."
Voltora Industries,https://voltoraindustries.com.au/,"Brisbane, QLD",Electrical,1300 799 430,,"Every missed call is a job lost to the next tradie — a website chatbot can capture the job details, qualify urgency and book a quote 24/7."
Wire-Not Electrical,https://wire-not.com.au/,"Brisbane, QLD",Electrical,07 3633 0118,,"Every missed call is a job lost to the next tradie — a website chatbot can capture the job details, qualify urgency and book a quote 24/7."
Australian Visa Advice,https://australianvisaadvice.com.au/,"Brisbane, QLD",Finance & mortgage,0479 001 283,admin@australianvisaadvice.com.au,Rate and borrowing-capacity questions come in at night — a chatbot can pre-qualify the enquiry and book a strategy call 24/7.
Australianim Migration Agency,https://australianimmigrationagency.com/,"Brisbane, QLD",Finance & mortgage,1300 728 634,,Rate and borrowing-capacity questions come in at night — a chatbot can pre-qualify the enquiry and book a strategy call 24/7.
Bullseye Consultants,https://bullseyeconsultants.com.au/,"Brisbane, QLD",Finance & mortgage,0416 965 968,,"An AI assistant captures loan goals and documents needed before the first call, so brokers spend time only on serious leads."
Compare 40+ Lenders,https://inovayt.com.au/,"Brisbane, QLD",Finance & mortgage,1300 354 355,info@inovayt.com.au,Rate and borrowing-capacity questions come in at night — a chatbot can pre-qualify the enquiry and book a strategy call 24/7.
Directwealth,https://directwealth.com.au/,"Brisbane, QLD",Finance & mortgage,07 3556 9400,,Rate and borrowing-capacity questions come in at night — a chatbot can pre-qualify the enquiry and book a strategy call 24/7.
Heenanbrowne Migration,https://heenanbrownemigration.com/,"Brisbane, QLD",Finance & mortgage,0490 324 416,,Rate and borrowing-capacity questions come in at night — a chatbot can pre-qualify the enquiry and book a strategy call 24/7.
Hudson Financial Planning,https://hudsonfinancialplanning.com.au/,"Brisbane, QLD",Finance & mortgage,1800 804 296,,"An AI assistant captures loan goals and documents needed before the first call, so brokers spend time only on serious leads."
Nationwide Migration,https://nationwidemigration.com.au/,"Brisbane, QLD",Finance & mortgage,07 3726 5183,,"An AI assistant captures loan goals and documents needed before the first call, so brokers spend time only on serious leads."
QLD Financial,https://qldfinancial.com.au/,"Brisbane, QLD",Finance & mortgage,,qldfinancial@qldfinancial.com.au,"An AI assistant captures loan goals and documents needed before the first call, so brokers spend time only on serious leads."
Sol Migration,https://solmigration.com/,"Brisbane, QLD",Finance & mortgage,07 3003 1899,hello@solmigration.com,Rate and borrowing-capacity questions come in at night — a chatbot can pre-qualify the enquiry and book a strategy call 24/7.
Zest Mortgage Solutions,https://zestmortgagesolutions.com.au/,"Brisbane, QLD",Finance & mortgage,07 3461 6499,,Rate and borrowing-capacity questions come in at night — a chatbot can pre-qualify the enquiry and book a strategy call 24/7.
Pronto Pilates,https://prontopilates.com.au/,"Brisbane, QLD",Fitness studio,1300 987 933,,"Trial-class and membership questions come in at night — a chatbot can explain pricing, book the intro session and capture the lead on the spot."
Baron Barbers,https://baronbarbers.com.au/,"Brisbane, QLD",Hair & nails,0422 132 256,,"A website chatbot answers 'how much for balayage / a full set?' instantly and books the slot, so after-hours enquiries don't go to a competitor."
Brisbane Nailbar,https://brisbanenailbar.com.au/,"Brisbane, QLD",Hair & nails,0481 005 458,,Walk-in and last-minute booking questions flood DMs and the phone — a chatbot can quote services and book the chair while the team is busy with clients.
Elysium Hair Brisbane,https://elysiumhairbrisbane.com.au/,"Brisbane, QLD",Hair & nails,07 3229 0816,info@elysiumhairbrisbane.com.au,"A website chatbot answers 'how much for balayage / a full set?' instantly and books the slot, so after-hours enquiries don't go to a competitor."
Scarlett Brows Tudio,https://scarlettbrowstudio.com/,"Brisbane, QLD",Hair & nails,0435 215 297,,Walk-in and last-minute booking questions flood DMs and the phone — a chatbot can quote services and book the chair while the team is busy with clients.
The Brow Bar,https://browbar.com/,"Brisbane, QLD",Hair & nails,07 3556 3910,academy@browbar.com,"A website chatbot answers 'how much for balayage / a full set?' instantly and books the slot, so after-hours enquiries don't go to a competitor."
AC Locksmiths,https://aclocksmiths.com.au/,"Brisbane, QLD",Home services,1300 848 557,admin@aclocksmiths.com.au,"An AI assistant qualifies the job and books it on the spot, capturing leads that would otherwise be lost to a missed call."
Amalgamated Locksmiths,https://amalgamatedlocksmiths.net/,"Brisbane, QLD",Home services,07 3252 7872,,Quote requests arrive any time — a website chatbot can capture job details and book the service without waiting for office hours.
Best Brisbane Fencing,https://bestbrisbanefencing.com.au/,"Brisbane, QLD",Home services,0452 192 723,,Quote requests arrive any time — a website chatbot can capture job details and book the service without waiting for office hours.
Bestprice Fencing,https://bestpricefencing.com.au/,"Brisbane, QLD",Home services,0468 898 004,info@bestpricefencing.com.au,"An AI assistant qualifies the job and books it on the spot, capturing leads that would otherwise be lost to a missed call."
Brisbane Removalists,https://brisbaneremovalists.com.au/,"Brisbane, QLD",Home services,0407 164 733,info@brisbaneremovalists.com.au,Quote requests arrive any time — a website chatbot can capture job details and book the service without waiting for office hours.
Crystalclear Pool Care,https://crystalclearpoolcare.com.au/,"Brisbane, QLD",Home services,1300 725 194,,Quote requests arrive any time — a website chatbot can capture job details and book the service without waiting for office hours.
MC Electrical,https://mcelectrical.com.au/,"Brisbane, QLD",Home services,07 3268 3836,,Quote requests arrive any time — a website chatbot can capture job details and book the service without waiting for office hours.
Optimove,https://optimove.com.au/,"Brisbane, QLD",Home services,1300 400 874,,"An AI assistant qualifies the job and books it on the spot, capturing leads that would otherwise be lost to a missed call."
Pool Repair Brisbane QLD,https://pool-repair-brisbane-qld.pages.dev/,"Brisbane, QLD",Home services,0468 055 563,,"An AI assistant qualifies the job and books it on the spot, capturing leads that would otherwise be lost to a missed call."
Profences Brisbane,https://profencesbrisbane.com/,"Brisbane, QLD",Home services,07 3132 0879,,Quote requests arrive any time — a website chatbot can capture job details and book the service without waiting for office hours.
Side Post Fencing,https://sidepostfencing.com.au/,"Brisbane, QLD",Home services,1300 138 499,support@sidepostfencing.com.au,"An AI assistant qualifies the job and books it on the spot, capturing leads that would otherwise be lost to a missed call."
Springers Solar,https://springers.com.au/,"Brisbane, QLD",Home services,1300 105 470,,"An AI assistant qualifies the job and books it on the spot, capturing leads that would otherwise be lost to a missed call."
SS Removals and Rentals,https://ssremovalsandrentals.com.au/,"Brisbane, QLD",Home services,0450 203 763,info@ssremovalsandrentals.com.au,Quote requests arrive any time — a website chatbot can capture job details and book the service without waiting for office hours.
Stronghold Locksmiths,https://strongholdlocksmiths.com/,"Brisbane, QLD",Home services,1300 205 512,,"An AI assistant qualifies the job and books it on the spot, capturing leads that would otherwise be lost to a missed call."
ALF Lawyers,https://alflawyers.com.au/,"Brisbane, QLD",Legal,07 3088 6161,reception@alflawyers.com.au,"Legal enquiries are urgent and often after hours — a chatbot can capture the matter type, qualify it and book a consult any time."
Bestinjury Lawyers,https://bestinjurylawyers.com.au/,"Brisbane, QLD",Legal,07 3607 1449,,"An AI assistant answers 'do you do free first consults / no-win-no-fee?' and books the appointment, capturing leads the office misses."
Brisbane Conveyancers,https://brisbaneconveyancers.net.au/,"Brisbane, QLD",Legal,07 4351 5323,enquiry@brisbaneconveyancers.net.au,"An AI assistant answers 'do you do free first consults / no-win-no-fee?' and books the appointment, capturing leads the office misses."
Compensation Lawyers,https://qcl.com.au/,"Brisbane, QLD",Legal,07 3309 8900,,"Legal enquiries are urgent and often after hours — a chatbot can capture the matter type, qualify it and book a consult any time."
Conveyancing Home,https://conveyancinghome.com.au/,"Brisbane, QLD",Legal,07 3236 2852,info@conveyancinghome.com.au,"An AI assistant answers 'do you do free first consults / no-win-no-fee?' and books the appointment, capturing leads the office misses."
Gullickson Lawyers,https://gullicksonlawyers.com.au/,"Brisbane, QLD",Legal,,mail@gullicksonlawyers.com.au,"Legal enquiries are urgent and often after hours — a chatbot can capture the matter type, qualify it and book a consult any time."
Hall Payne Lawyers,https://hallpayne.com.au/,"Brisbane, QLD",Legal,1800 659 114,,"An AI assistant answers 'do you do free first consults / no-win-no-fee?' and books the appointment, capturing leads the office misses."
Horrocks Solicitors,https://horrockssolicitors.com/,"Brisbane, QLD",Legal,07 3013 2300,john.h@rivercityconveyancing.com.au,"An AI assistant answers 'do you do free first consults / no-win-no-fee?' and books the appointment, capturing leads the office misses."
LEAD Conveyancing,https://brisbane.leadconveyancing.com.au/,"Brisbane, QLD",Legal,07 3088 8018,urgent@leadconveyancing.com.au,"Legal enquiries are urgent and often after hours — a chatbot can capture the matter type, qualify it and book a consult any time."
Littles Lawyers,https://littleslawyers.com.au/,"Brisbane, QLD",Legal,1800 548 853,,"Legal enquiries are urgent and often after hours — a chatbot can capture the matter type, qualify it and book a consult any time."
Mint Legal,https://mintlegal.com.au/,"Brisbane, QLD",Legal,0452 441 583,,"An AI assistant answers 'do you do free first consults / no-win-no-fee?' and books the appointment, capturing leads the office misses."
Rivercity Conveyancing,https://rivercityconveyancing.com.au/,"Brisbane, QLD",Legal,07 3013 2300,admin@rivercityconveyancing.com.au,"Legal enquiries are urgent and often after hours — a chatbot can capture the matter type, qualify it and book a consult any time."
Shine Lawyers,https://shine.com.au/,"Brisbane, QLD",Legal,1800 618 851,,"An AI assistant answers 'do you do free first consults / no-win-no-fee?' and books the appointment, capturing leads the office misses."
Sunstate Conveyancing,https://sunstateconveyancing.com.au/,"Brisbane, QLD",Legal,07 3828 2069,contracts@sunstateconveyancing.com.au,"Legal enquiries are urgent and often after hours — a chatbot can capture the matter type, qualify it and book a consult any time."
Vbrlaw,https://vbrlaw.com.au/,"Brisbane, QLD",Legal,1800 316 716,,"Legal enquiries are urgent and often after hours — a chatbot can capture the matter type, qualify it and book a consult any time."
Workers Compensation Lawyers QLD,https://workerscompensationlawyersqld.com.au/,"Brisbane, QLD",Legal,1800 575 023,,"An AI assistant answers 'do you do free first consults / no-win-no-fee?' and books the appointment, capturing leads the office misses."
Affordabledrivingschool Brisbane,https://affordabledrivingschoolbrisbane.com.au/,"Brisbane, QLD",Local services,07 3863 1399,,"Enquiries and bookings come in around the clock — a website chatbot can answer FAQs and book the service instantly, 24/7."
Apex Tuition Australia,https://apextuitionaustralia.com/,"Brisbane, QLD",Local services,0405 532 487,info@apextuitionaustralia.com,"An AI assistant qualifies the enquiry and books it on the spot, capturing leads that would otherwise slip through after hours."
Casablanca Studios,https://casablancastudios.com.au/,"Brisbane, QLD",Local services,0430 448 523,hello@casablancastudios.com.au,"An AI assistant qualifies the enquiry and books it on the spot, capturing leads that would otherwise slip through after hours."
Exclusive Photography,https://exclusive-photography.com.au/,"Brisbane, QLD",Local services,1800 800 810,,"Enquiries and bookings come in around the clock — a website chatbot can answer FAQs and book the service instantly, 24/7."
Piptree Early Learning,https://piptree.com.au/,"Brisbane, QLD",Local services,1300 687 747,enrolments@piptree.com.au,"An AI assistant qualifies the enquiry and books it on the spot, capturing leads that would otherwise slip through after hours."
Tail Waggerz,https://tailwaggerz.com.au/,"Brisbane, QLD",Local services,0448 809 666,,"An AI assistant qualifies the enquiry and books it on the spot, capturing leads that would otherwise slip through after hours."
The Photo Studio,https://thephotostudio.com.au/,"Brisbane, QLD",Local services,1300 288 818,,"An AI assistant qualifies the enquiry and books it on the spot, capturing leads that would otherwise slip through after hours."
TutorChase,https://tutorchase.com/,"Brisbane, QLD",Local services,,support@tutorchase.com,"Enquiries and bookings come in around the clock — a website chatbot can answer FAQs and book the service instantly, 24/7."
Contro Wellness,https://controwellness.com.au/,"Brisbane, QLD",Massage & wellness,,marc.brisbane1986@gmail.com,A chatbot handles 'do you do health-fund rebates / have anything today?' instantly and books the session without the back-and-forth.
Fountain of Youth,https://fountainofyouth.com.au/,"Brisbane, QLD",Massage & wellness,0412 455 627,,"Clients book when they're in pain — often at night — and an AI chat can qualify the issue, recommend a treatment and book the table 24/7."
Justkneadit,https://justkneadit.com.au/,"Brisbane, QLD",Massage & wellness,07 3891 7629,,"Clients book when they're in pain — often at night — and an AI chat can qualify the issue, recommend a treatment and book the table 24/7."
Kneadwork Massage,https://kneadworkmassage.com/,"Brisbane, QLD",Massage & wellness,07 3003 0801,,A chatbot handles 'do you do health-fund rebates / have anything today?' instantly and books the session without the back-and-forth.
Lume Wellness Co,https://lumewellnessco.com.au/,"Brisbane, QLD",Massage & wellness,,marc.brisbane1986@gmail.com,"Clients book when they're in pain — often at night — and an AI chat can qualify the issue, recommend a treatment and book the table 24/7."
No More Knots,https://nomoreknots.com.au/,"Brisbane, QLD",Massage & wellness,07 3356 1111,,A chatbot handles 'do you do health-fund rebates / have anything today?' instantly and books the session without the back-and-forth.
TLC Acupuncture,https://tlcacupuncture.com.au/,"Brisbane, QLD",Massage & wellness,1300 633 385,,A chatbot handles 'do you do health-fund rebates / have anything today?' instantly and books the session without the back-and-forth.
Wade the Massage Guy,https://wadethemassageguy.com.au/,"Brisbane, QLD",Massage & wellness,0406 016 556,wade@wadethemassageguy.com.au,"Clients book when they're in pain — often at night — and an AI chat can qualify the issue, recommend a treatment and book the table 24/7."
ALL Carpet S,https://allcarpets.com.au/,"Brisbane, QLD",Pest & cleaning,1300 558 509,,Quote and booking requests come in constantly — a website chatbot can price standard jobs and book the service without a phone call.
Allinoneaussie Cleaning,https://allinoneaussiecleaning.com.au/,"Brisbane, QLD",Pest & cleaning,0469 328 687,,Quote and booking requests come in constantly — a website chatbot can price standard jobs and book the service without a phone call.
Auspro Cleaners,https://ausprocleaners.com.au/,"Brisbane, QLD",Pest & cleaning,0434 814 500,,"An AI assistant answers 'how much for end-of-lease / a general spray?' and books it instantly, capturing leads while crews are out on jobs."
Australian Property Stars,https://australianpropertystars.com/,"Brisbane, QLD",Pest & cleaning,0436 341 757,,"An AI assistant answers 'how much for end-of-lease / a general spray?' and books it instantly, capturing leads while crews are out on jobs."
Baker Window Cleaning,https://bakerwindowcleaning.com.au/,"Brisbane, QLD",Pest & cleaning,0432 886 283,bakerwcbrisbane@gmail.com,"An AI assistant answers 'how much for end-of-lease / a general spray?' and books it instantly, capturing leads while crews are out on jobs."
Brisbane Officeclean,https://brisbaneofficeclean.com.au/,"Brisbane, QLD",Pest & cleaning,1300 906 960,info@brisbaneofficeclean.com.au,"An AI assistant answers 'how much for end-of-lease / a general spray?' and books it instantly, capturing leads while crews are out on jobs."
Bruin Pest Brisbane,https://bruinpestbrisbane.com.au/,"Brisbane, QLD",Pest & cleaning,1300 349 177,,"An AI assistant answers 'how much for end-of-lease / a general spray?' and books it instantly, capturing leads while crews are out on jobs."
Car Pest Ology,https://carpestology.com.au/,"Brisbane, QLD",Pest & cleaning,0406 334 443,,"An AI assistant answers 'how much for end-of-lease / a general spray?' and books it instantly, capturing leads while crews are out on jobs."
Clean Group,https://clean-group.com.au/,"Brisbane, QLD",Pest & cleaning,1300 141 946,,Quote and booking requests come in constantly — a website chatbot can price standard jobs and book the service without a phone call.
Cleancocommercial Cleaning,https://cleancocommercialcleaning.com.au/,"Brisbane, QLD",Pest & cleaning,0435 057 599,admin@cleancocommercialcleaning.com.au,Quote and booking requests come in constantly — a website chatbot can price standard jobs and book the service without a phone call.
Cobba's Pro Wash,https://cobbas.com.au/,"Brisbane, QLD",Pest & cleaning,1300 262 227,,Quote and booking requests come in constantly — a website chatbot can price standard jobs and book the service without a phone call.
Cureall Pest,https://cureallpest.com.au/,"Brisbane, QLD",Pest & cleaning,07 3349 8572,,Quote and booking requests come in constantly — a website chatbot can price standard jobs and book the service without a phone call.
Day and Night,https://day-night.com.au/,"Brisbane, QLD",Pest & cleaning,1800 845 315,,"An AI assistant answers 'how much for end-of-lease / a general spray?' and books it instantly, capturing leads while crews are out on jobs."
Diamondcommercial Cleaners Brisbane,https://diamondcommercialcleanersbrisbane.com.au/,"Brisbane, QLD",Pest & cleaning,0422 814 540,diamondcleaningcommercial.bne@gmail.com,"An AI assistant answers 'how much for end-of-lease / a general spray?' and books it instantly, capturing leads while crews are out on jobs."
ECO Brisbane,https://ecobrisbane.com.au/,"Brisbane, QLD",Pest & cleaning,07 3189 2759,,Quote and booking requests come in constantly — a website chatbot can price standard jobs and book the service without a phone call.
Frontline Pest,https://frontlinepest.com.au/,"Brisbane, QLD",Pest & cleaning,07 3293 4475,admin@frontlinepest.com.au,Quote and booking requests come in constantly — a website chatbot can price standard jobs and book the service without a phone call.
Giraffe Window Cleaning,https://giraffewindowcleaning.com.au/,"Brisbane, QLD",Pest & cleaning,0499 197 677,,"An AI assistant answers 'how much for end-of-lease / a general spray?' and books it instantly, capturing leads while crews are out on jobs."
Hirange Window Cleaning,https://hirangewindowcleaning.com.au/,"Brisbane, QLD",Pest & cleaning,1300 885 751,,Quote and booking requests come in constantly — a website chatbot can price standard jobs and book the service without a phone call.
Management Works Media,https://managementworksmedia.com/,"Brisbane, QLD",Pest & cleaning,,hi@managementworksmedia.com,Quote and booking requests come in constantly — a website chatbot can price standard jobs and book the service without a phone call.
No Hidden Fees,https://safeclean.com.au/,"Brisbane, QLD",Pest & cleaning,07 3823 2333,,Quote and booking requests come in constantly — a website chatbot can price standard jobs and book the service without a phone call.
Office Cleaning Cost Guide,https://dwservices.com.au/,"Brisbane, QLD",Pest & cleaning,1300 253 046,,"An AI assistant answers 'how much for end-of-lease / a general spray?' and books it instantly, capturing leads while crews are out on jobs."
Prices & Guide,https://rapidkil.com.au/,"Brisbane, QLD",Pest & cleaning,0490 425 521,,"An AI assistant answers 'how much for end-of-lease / a general spray?' and books it instantly, capturing leads while crews are out on jobs."
QLD Window Cleaning,https://qldwindowcleaning.com.au/,"Brisbane, QLD",Pest & cleaning,0412 650 511,sparkle@qldwindowcleaning.com.au,Quote and booking requests come in constantly — a website chatbot can price standard jobs and book the service without a phone call.
Reallycheap Carpet Cleaning,https://reallycheapcarpetcleaning.com.au/,"Brisbane, QLD",Pest & cleaning,0450 489 150,,"An AI assistant answers 'how much for end-of-lease / a general spray?' and books it instantly, capturing leads while crews are out on jobs."
Reliance Pest Control Brisbane,https://reliancepestcontrolbrisbane.com.au/,"Brisbane, QLD",Pest & cleaning,0477 557 202,moreinfo@reliancepestcontrolbrisbane.com.au,"An AI assistant answers 'how much for end-of-lease / a general spray?' and books it instantly, capturing leads while crews are out on jobs."
Threeb Pest,https://threebpest.com.au/,"Brisbane, QLD",Pest & cleaning,0433 538 702,3bpestcontrol12@gmail.com,Quote and booking requests come in constantly — a website chatbot can price standard jobs and book the service without a phone call.
Toms Pest Control Brisbane,https://tomspestcontrolbrisbane.com.au/,"Brisbane, QLD",Pest & cleaning,07 3184 4223,office@tomspestcontrolbrisbane.com.au,Quote and booking requests come in constantly — a website chatbot can price standard jobs and book the service without a phone call.
Barefoot Physiotherapy,https://barefootphysiotherapy.com.au/,"Brisbane, QLD",Physiotherapy,1300 842 850,,"New-patient enquiries and rebate questions come in after hours — a chatbot can triage the injury, explain fees and book the initial consult any time."
North West Physio,https://northwestphysio.com.au/,"Brisbane City, QLD",Physiotherapy,07 3353 4111,,"An AI assistant answers 'do you bulk bill / treat sports injuries?' and books the appointment, capturing leads the front desk misses when treating patients."
Sports and Exercise,https://sportsandexercise.physio/,"Brisbane, QLD",Physiotherapy,07 3559 2079,admin@sportsandexercise.physio,"New-patient enquiries and rebate questions come in after hours — a chatbot can triage the injury, explain fees and book the initial consult any time."
Sports Plus Physio,https://sportsplusphysio.com.au/,"Brisbane, QLD",Physiotherapy,,admin@sportsplusphysio.com.au,"An AI assistant answers 'do you bulk bill / treat sports injuries?' and books the appointment, capturing leads the front desk misses when treating patients."
Bell Plumbing,https://bellplumbing.com.au/,"Brisbane, QLD",Plumbing,07 3354 3300,,Missed calls while on a job mean lost work — an AI assistant qualifies and books leads automatically so none slip away.
Best Plumbers,https://bestplumbers.com.au/,"Brisbane, QLD",Plumbing,1300 930 880,team@bestplumbers.com.au,Missed calls while on a job mean lost work — an AI assistant qualifies and books leads automatically so none slip away.
Brisbane Plumber,https://brisbane-plumber.com.au/,"Brisbane, QLD",Plumbing,0432 715 132,soulplumbing@gmail.com,"Burst pipes don't wait for business hours — a chatbot can triage the emergency, capture the address and book the job any time of night."
Brisbane Plumbing and Drainage,https://brisbaneplumbinganddrainage.com.au/,"Brisbane, QLD",Plumbing,1300 616 203,,"Burst pipes don't wait for business hours — a chatbot can triage the emergency, capture the address and book the job any time of night."
Draintech Brisbane,https://draintechbrisbane.com.au/,"Brisbane, QLD",Plumbing,0457 560 058,admin@draintechbrisbane.com.au,"Burst pipes don't wait for business hours — a chatbot can triage the emergency, capture the address and book the job any time of night."
Emergency Plumber,https://plumbologist.com.au/,"Brisbane, QLD",Plumbing,0481 393 677,,"Burst pipes don't wait for business hours — a chatbot can triage the emergency, capture the address and book the job any time of night."
Emergency Plumber Brisbane,https://emergencyplumber-brisbane.com.au/,"Brisbane, QLD",Plumbing,0485 800 209,info@emergencyplumber-brisbane.com.au,Missed calls while on a job mean lost work — an AI assistant qualifies and books leads automatically so none slip away.
Jetset Plumbing,https://jetsetplumbing.com.au/,"Brisbane, QLD",Plumbing,1300 453 873,customerservice@jetsetplumbing.com.au,"Burst pipes don't wait for business hours — a chatbot can triage the emergency, capture the address and book the job any time of night."
Local & Reliable,https://fallonsolutions.com.au/,"Brisbane, QLD",Plumbing,1300 054 488,,Missed calls while on a job mean lost work — an AI assistant qualifies and books leads automatically so none slip away.
Mitchell Plumbing Gas,https://mitchellplumbinggas.com/,"Brisbane, QLD",Plumbing,07 3733 3622,,Missed calls while on a job mean lost work — an AI assistant qualifies and books leads automatically so none slip away.
SJ Plumbing and Gas,https://sjplumbingandgas.com.au/,"Brisbane, QLD",Plumbing,1300 600 508,,"Burst pipes don't wait for business hours — a chatbot can triage the emergency, capture the address and book the job any time of night."
Weekend Plumbing Co,https://weekendplumbingco.com/,"Brisbane, QLD",Plumbing,0482 979 551,admin@weekendplumbingco.com,Missed calls while on a job mean lost work — an AI assistant qualifies and books leads automatically so none slip away.
Aeroleads,https://aeroleads.com/,"Brisbane, QLD",Real estate,,support@aeroleads.com,Buyer and appraisal enquiries spike on weekends — a chatbot can qualify them and book inspections or appraisals 24/7 on one line.
Aries Properties,https://ariesproperties.com.au/,"Brisbane, QLD",Real estate,0457 216 678,,Buyer and appraisal enquiries spike on weekends — a chatbot can qualify them and book inspections or appraisals 24/7 on one line.
LINK Living,https://linkliving.com.au/,"Brisbane, QLD",Real estate,07 3899 3566,,Buyer and appraisal enquiries spike on weekends — a chatbot can qualify them and book inspections or appraisals 24/7 on one line.
Locate Buyers Agency,https://locatebuyersagency.com.au/,"Brisbane, QLD",Real estate,0402 024 625,,Buyer and appraisal enquiries spike on weekends — a chatbot can qualify them and book inspections or appraisals 24/7 on one line.
Managed Property,https://managedproperty.com.au/,"Brisbane, QLD",Real estate,07 3139 1701,rentals@managedproperty.com.au,"An AI assistant answers listing and rental questions instantly and books appraisals, so no vendor lead walks to a competitor."
PMC Property Management,https://pmcpropertymanagement.com.au/,"Brisbane, QLD",Real estate,,rentals@pmcproperty.com.au,Buyer and appraisal enquiries spike on weekends — a chatbot can qualify them and book inspections or appraisals 24/7 on one line.
SmartYield's 2025 Guide,https://smartyield.com.au/,"Brisbane, QLD",Real estate,0480 515 622,,"An AI assistant answers listing and rental questions instantly and books appraisals, so no vendor lead walks to a competitor."
Universal Buyers Agents,https://universalbuyersagents.com.au/,"Brisbane, QLD",Real estate,0467 470 828,emma@universalbuyersagents.com.au,"An AI assistant answers listing and rental questions instantly and books appraisals, so no vendor lead walks to a competitor."
Urban Renters Agent,https://urbanrenters.com.au/,"Brisbane, QLD",Real estate,0459 642 953,,"An AI assistant answers listing and rental questions instantly and books appraisals, so no vendor lead walks to a competitor."
After Hours Pet Emergency,https://bveccs.com.au/,"Brisbane, QLD",Veterinary,07 3264 9400,,"Worried pet owners enquire at all hours — a chatbot can triage urgency, explain services and book or redirect to emergency care instantly."
Brisbane Water Vet,https://brisbanewatervet.com.au/,"Brisbane, QLD",Veterinary,,practicemanagingdirector@gmail.com,"An AI assistant handles 'do you do desexing / vaccinations and how much?' and books the visit 24/7, easing pressure on a busy front desk."
Bvsc,https://bvsc.com.au/,"Brisbane, QLD",Veterinary,07 3264 9400,,"An AI assistant handles 'do you do desexing / vaccinations and how much?' and books the visit 24/7, easing pressure on a busy front desk."
Getvet,https://getvet.com.au/,"Brisbane, QLD",Veterinary,0449 614 907,,"Worried pet owners enquire at all hours — a chatbot can triage urgency, explain services and book or redirect to emergency care instantly."
Queensland Veterinary Specialists,https://qvs.com.au/,"Brisbane, QLD",Veterinary,07 3359 5333,,"An AI assistant handles 'do you do desexing / vaccinations and how much?' and books the visit 24/7, easing pressure on a busy front desk."
THCV,https://thcv.com.au/,"Brisbane, QLD",Veterinary,1300 838 868,,"Worried pet owners enquire at all hours — a chatbot can triage urgency, explain services and book or redirect to emergency care instantly."
Vet Care U,https://vetcare2u.com.au/,"Brisbane, QLD",Veterinary,07 3396 9733,,"An AI assistant handles 'do you do desexing / vaccinations and how much?' and books the visit 24/7, easing pressure on a busy front desk."
Vss,https://vss.net.au/,"Brisbane, QLD",Veterinary,07 3841 7011,vss@vss.net.au,"Worried pet owners enquire at all hours — a chatbot can triage urgency, explain services and book or redirect to emergency care instantly."
Wags Mobile Vet,https://wagsmobilevet.com.au/,"Brisbane, QLD",Veterinary,1300 119 247,,"An AI assistant handles 'do you do desexing / vaccinations and how much?' and books the visit 24/7, easing pressure on a busy front desk."
West Vets,https://westvets.com.au/,"Ipswich, QLD",Veterinary,07 3202 7300,,"Worried pet owners enquire at all hours — a chatbot can triage urgency, explain services and book or redirect to emergency care instantly."
